"GeneID","Cluster"
"R526Q","cluster1"
"R74Q","cluster1"
"F454C","cluster1"
"R458C","cluster1"
"R204Q","cluster1"
"A515T","cluster2"
"A515V","cluster2"
"E255A","cluster2"
"R458H","cluster2"
"P36A","cluster3"
"V234I","cluster3"
"R472W","cluster3"
"V64I","cluster3"
"E161K","cluster3"
"R523H","cluster3"
"H22L","cluster4"
"R41S","cluster4"
"A15T","cluster4"
"T198I","cluster4"
"G441A","cluster4"
"R298W","cluster4"
"P91A","cluster4"
"T209M","cluster4"
"P91T","cluster5"
"V230A","cluster5"
"W340R","cluster5"
"R261C","cluster5"
"D470N","cluster6"
"V21I","cluster6"
"T287M","cluster6"
